Source,Headline
BBC,Updated peace plan could be a deal Ukraine will take - eventually
BBC,Family reunited after a decade – now a Trump clampdown could tear them apart
BBC,Updated peace plan could be a deal Ukraine will take - eventually
BBC,Family reunited after a decade – now a Trump clampdown could tear them apart
BBC,US and Russian officials to meet in Abu Dhabi for Ukraine peace talks after deadly overnight strikes
BBC,"BBC may not be in 'safe hands' under its chair, says committee head"
BBC,Controversial US-backed Gaza Humanitarian Foundation ends aid operations
BBC,"Music eases surgery and speeds recovery, Indian study finds"
BBC,How X's new location feature exposed big US politics accounts
BBC,Only from the BBC
BBC,The music that keeps animals calm
BBC,Why Indigenous tourism is booming in US
BBC,More news
BBC,"Ethiopian volcano eruption sends ash to Delhi, hitting flight operations"
BBC,South Korea's 'TV dad' Lee Soon-jae dies at 91
BBC,Judge dismisses cases against ex-FBI director Comey and NY attorney general James
BBC,Trump says he will visit China in April after call with Xi
BBC,Two climbers die after fall on New Zealand's highest peak
BBC,UK minister flags visa 'abuse' as student asylum claims surge
BBC,"Nine arrested in India after police crack $800,000 bank heist"
BBC,Must Watch
BBC,Moment truck collides with sign on Ohio highway
BBC,Ros Atkins on… MPs examining the BBC memo
BBC,First Lady Melania Trump welcomes the White House Christmas tree
BBC,Three-year-old Oliver is 'wonderful' after world-first gene therapy
BBC,Climbing the highest sea cliff in Europe
BBC,'Felt embarrassed to be called good looking': Bollywood legend Dharmendra
BBC,Lava spews out from Hawaii's Kilauea as volcano erupts again
BBC,John Grisham on why he still writes as trends shift
BBC,In History
BBC,How the Cabbage Patch Kids nearly caused a riot
BBC,To the Ends of the Earth
BBC,The last places to see truly dark starry nights
BBC,One of Europe's most remote corners opens up
BBC,The stunning Canadian island you can't visit
BBC,Technology
BBC,Australia is banning social media for kids under 16. How will it work?
BBC,US & Canada news
BBC,Trump moves to designate some Muslim Brotherhood chapters as terrorist groups
BBC,Court seals records in investigation of teen's body found in singer D4vd's Tesla
BBC,What happens next for Marjorie Taylor Greene after exit from Congress?
BBC,JFK's granddaughter raises awareness of rare leukaemia with poignant essay
BBC,More world news
BBC,Tanzania cancels independence day celebrations after election unrest
BBC,Australia senator suspended after burka stunt in parliament
BBC,Fifty children escape after mass school abduction in Nigeria - reports
BBC,"I watched helplessly as gunmen snatched my son, says father after Nigerian school kidnapping"
BBC,Business
BBC,US presses Europe on rules for big tech companies
BBC,Has Britain's budget watchdog become too all-powerful?
BBC,Carney says trade talks with Trump to resume 'when it matters'
BBC,Machu Picchu hit by a row over tourist buses
BBC,Sport
BBC,'I hope my players fight each other' - Amorim's Man Utd 'nowhere near'
BBC,Hampton voted BBC Women's Footballer of the Year
BBC,Premier League reaction: Man Utd beaten plus should Gueye have been sent off?
BBC,Sound or flawed? England's faith in Crawley tested
BBC,Recommended Audio
BBC,Witness History
BBC,The Documentary Podcast
BBC,Business Daily
BBC,Outlook
BBC,Witness History
BBC,Big Boss Interview
BBC,The Interview
BBC,The Climate Question
BBC,Tech
BBC,Academics to use AI supercomputer for eye study
BBC,Pet scam victim launches app to protect others
BBC,Scammers hacked her phone and stole thousands - so how did they get her details?
BBC,"Britain won't beat the US in AI race, says ex-Google scientist"
BBC,Science & health
BBC,Obesity jab drug fails to slow Alzheimer's
BBC,Boy with rare condition amazes doctors after world-first gene therapy
BBC,How to embrace an ageing face
BBC,JFK's granddaughter shares terminal cancer diagnosis
BBC,Culture
BBC,"Reggae legend Jimmy Cliff dies, aged 81"
BBC,Bollywood's 'original he-man' Dharmendra dies at 89 after starring in more than 300 films
BBC,Donald Glover reveals on stage he had a stroke last year
BBC,Michelin-starred Australian chef Skye Gyngell dies aged 62
BBC,Arts
BBC,The truth about Tudor England's 'most hated woman'
BBC,How a Klimt became the most expensive modern artwork
BBC,The dark side of the US's most divisive painter
BBC,The secret lives of Yakuza women
BBC,Watch
BBC,Behind the scenes of Hollywood's most daring car stunts
BBC,Travel
BBC,Try this mixologist's favourite cocktails in Miami
BBC,Sleeping in a rainforest reborn by butterflies
BBC,A 300-year-old luxury hotel powered by trees
BBC,How bad will Thanksgiving travel be in the US?
BBC,World's Table
BBC,What Mamdani's win means for NYC's food scene
BBC,Why Marseille restaurants are offering gourmet food for €1
BBC,100 dishes in 40 days: India's epic wedding feast
BBC,The controversial snack that fuels Norwegian trips
BBC,Earth
BBC,Five key takeaways from a deeply divisive COP30 summit
BBC,UN climate talks fail to secure new fossil fuel promises
BBC,"The secrets of a remote, dangerous Amazon river"
BBC,India's delayed action plan raises eyebrows at COP30 climate summit
BBC,Video
BBC,Rosamund Pike hadn't seen a Bond film before her audition
BBC,Inside the Amazon's sacred food rituals few outsiders see
BBC,Diving into Florida's prehistoric cave of Ice Age secrets
BBC,How close is too close to a hippo?
BBC,Discover more from the BBC
BBC,Future Earth
BBC,Download the BBC app
BBC,US Politics Unspun
BBC,Register for a BBC account
BBC,Sign up for the Essential List
CNN,Investigating trafficking networks
CNN,Met Gala faces criticism
CNN,Jesse Jackson out of hospital
CNN,New X feature
CNN,Domesticated urban raccoons
CNN,Wellness tips for Thanksgiving
CNN,Judge throws out cases against James Comey and Letitia James
CNN,Takeaways from Lindsey Halligan’s disqualification and dismissal of the James Comey and Letitia James cases
CNN,Former White House Lawyer on Trump’s vow to appeal Comey & James case dismissal over ‘technical’ ruling
CNN,"This volcano erupted for the first time in 10,000 years sending ash clouds across continents"
CNN,The meeting in Abu Dhabi comes after days of intense diplomacy in Geneva over a 28-point proposal to end the war
CNN,The talks with Russia are meant to lay the groundwork for higher-level engagements in the future
CNN,"Facing a lack of Russian recruits, Moscow is accused of using deception and bribery to sign up foreigners to fight in Ukraine"
CNN,New wave of Russian strikes on Kyiv
CNN,Catch up on today’s global news
CNN,The Met Gala is facing criticism over its lead sponsors. Here’s what Anna Wintour has to say
CNN,Thai woman found alive in coffin after being brought in for cremation
CNN,US Transportation Secretary: Ditch your pajamas for jeans when flying
CNN,‘Once-in-300-years’ rain leaves Thai city flooded and maternity ward stranded
CNN,US Air Force Reaper drone crashes off South Korea
CNN,Why the crypto market is crashing
CNN,US ends temporary status for Myanmar nationals even as civil war still rages
CNN,Australian far-right politician sparks outrage for wearing burqa as political prop
CNN,Bolsonaro tested Brazil’s democracy. Its Supreme Court stepped in
CNN,She ‘wants to die there.’ The women forced to scam and the families left behind
CNN,She was promised work as a customer service agent. Instead she was trafficked to run online scams
CNN,Former Black Panther leader H. Rap Brown dies in prison hospital at 82
CNN,"Dharmendra, iconic Bollywood actor and Indian cinema’s ‘He-Man,’ dies at 89"
CNN,"Udo Kier, ‘Ace Ventura: Pet Detective’ star, dies at 81"
CNN,‘I want you to meet my dad’: Anderson Cooper sees and hears his father for the first time in 48 years
CNN,New research reveals some urban raccoons show signs of domestication
CNN,See the new way scientists say they can extract drinking water from the air
CNN,12 ways to feel great on Thanksgiving: A mind-body coach’s guide
CNN,Civil rights leader Jesse Jackson to be removed from the ICU but will remain hospitalized
CNN,Former UK Prime Minister David Cameron says he has been treated for prostate cancer
CNN,Pentagon move against war hero Kelly shows Trump’s quest for vengeance is endless
CNN,What we know and don’t know about DOGE’s reported demise
CNN,Justice Department renews request for NY judges to release Epstein-related grand jury transcripts
CNN,"Jon Gosselin, the star of ‘Jon & Kate Plus 8,’ has married again"
CNN,‘Wicked: For Good’ is one of the most political films of the year
CNN,New X feature exposes foreign pro-MAGA accounts
CNN,Old Navy’s expansion and its multi-million-dollar holiday pajamas
CNN,"‘Slender Man’ stabber recaptured. A timeline of the original case, her escape and return to custody"
CNN,South Korean man gets life sentence over blackmail ring that sexually exploited or abused hundreds
CNN,Cristiano Ronaldo rolls back the years with outrageous bicycle kick
CNN,Controversial Gaza Humanitarian Foundation to close aid effort
CNN,Big temperature drop on the menu this Thanksgiving for millions across the US
CNN,More than 100 homes damaged after tornado touches down in Texas
CNN,Marjorie Taylor Greene’s resignation leaves her district in disbelief
CNN,How Pentagon investigating Sen. Kelly may help his political future
CNN,Chauncy Billups pleads not guilty to crimes stemming from alleged poker scheme
CNN,Judge throws out cases against James Comey and Letitia James
CNN,China successfully launches Shenzhou-22
CNN,Woman found alive inside coffin
CNN,New wave of Russian strikes on Kyiv
CNN,"Volcano in Ethiopia erupts for the first time in 10,000 years"
CNN,Far-right politician sparks outrage for wearing burqa as political prop
CNN,Transportation Secretary: Ditch your pajamas for jeans when flying
CNN,Oldest living survivor of Tulsa Race Massacre dies at 111 years old
CNN,How a clip of Anderson’s dad opened a stream of memories and new connections
CNN,Why aren’t there ruby slippers in the new ‘Wicked’ movie?
CNN,London street named world’s most expensive retail destination
CNN,NY Giants fire defensive coordinater after overtime loss to Lions
CNN,Melania Trump receives White House Christmas tree
CNN,Anna Wintour responds to backlash around Bezos sponsorship of Met Gala
CNN,Analysis: Could US talks in Geneva bring peace in Ukraine?
CNN,Reggae legend Jimmy Cliff dead at 81
CNN,See how researchers harvest water from the air
CNN,‘Slender Man’ attacker goes missing for 24 hours
CNN,Swimmers brave the ice in Russia
CNN,Ukraine hit with strikes as peace talks ongoing
CNN,Why these kids in Italy were taken from their parents
CNN,In step with Angola’s native people
CNN,"After surviving a horrific buffalo attack, these conservationists doubled down on protecting nature"
CNN,‘Like no other place on Earth’: Adventurous luxury travelers are heading to this corner of Southeast Asia
CNN,Unseen photos reveal another side to 1970s Lagos
CNN,Inside the room: What happened during Trump and Mamdani’s meeting
CNN,"Africa’s ‘cryptic’ golden cat is so rare, no one knows how many there are. AI is changing that"
CNN,"David Cameron, ex-UK prime minister, says he has been treated for cancer"
CNN,Reggae legend Jimmy Cliff dies at 81
CNN,"‘Oh my God, this is our Tanzania’: CNN investigation shows police fatally shooting protesters, signs of mass graves"
CNN,"She married her brother, then he died. The monument to her grief was a Wonder of the Ancient World"
CNN,JFK’s granddaughter reveals terminal cancer diagnosis
CNN,A prosecutor reveals new details about the capture of one of America’s most notorious serial killers
